image,target
tfymlmdkpzkqdjhdxyhnoeuqszxphw.jpg,0
rxgismgsvmaayzjarbfjaljhqmpbrt.jpg,1
uuzshfrhkgrkolhwdvliqauzulurnz.jpg,0
mjspxsagzusaznvnyxgamtrlqkqklp.jpg,0
rlbmuajgezfiddjzlyeoupxpqubkpt.jpg,1
ngvvhadzegowlxligtftkbucwyphvw.jpg,0
qlwbzgvdyqwncrvqzaezrrqlwuugdp.jpg,1
lbbmpcbdwgdbskcdmsanklchyknuig.jpg,0
xgpvctqkxpuljjixphprbdrkcuzfoi.jpg,0
tszmhququgjczggoxanwvdlzbdbxhb.jpg,0
qvqhxwbgpskanqpsfbigdmbpkenvgk.jpg,0
eqirckpknxclvrlxvfxaswsodbxlmm.jpg,1
yoewqnzdgdhogcwdageakflfeogisq.jpg,0
hpnmywojyjwgptgkflzydzenfxbtlr.png,1
dnzimlvqpkwyhmsdwqwpuewzbdqzmg.png,1
hcysrvramduefsgkkgvqbmxzlodgal.jpg,1
spdcmncwcnpqagxrlivyldeknnfcvr.jpg,1
zaemovvkdftxvorancdugwjzuodbmm.jpg,1
uvpqnqfujwsxhbgvfbvcidhcqnyuum.jpg,0
kzgroxmxsdfrkxusymupjaxumbwoow.jpg,1
cjsjioqkweumqcnobaydijuvfvtrel.jpg,1
iehmewhtlomanneoicvbyjonzzcbhh.jpg,0
uiclughuenqkjonhhjgjclflpqkhsk.jpg,0
hfbevhhmejjmdndclkpyeyaideyjgp.jpg,1
pmociluihyptefnqdlihzzodiczkso.jpg,0
qkishcozhztulvrhvodbabprxomeuq.jpg,0
gvpxmmxppqjudjgopzedpjxypiptvv.jpg,1
puqorndzkjfvoumnsalrxwtagkatzx.jpg,1
onyffqwtwwbgvwxhhvfypoauswcodw.jpg,0
dpdeuxtkwvguedrtkxpoqhlzmaaprz.jpg,1
euaxozalqcqmhzyvxpiihzcvfzpcub.jpg,0
iyfvcbwzfaqgyhucpjkjarokthoxrk.jpg,0
jmhkcysyccbltidbhhulrfrcuskgbj.jpg,0
rnacbrzxyufipfgizhczrdynwxgroe.png,1
ctphrbatrhaucvhkjbiocaaohfzctt.jpg,0
sveewpluezhyjjgpmvtpwbgollpmwp.jpg,0
sbeuyukmnjgyeaerbjcykdevmjtkpb.jpg,0
vplmaqntbpbvyyoqixjdvtipaqazjq.jpg,0
gdhzlcfqsexrthbxdmldnxorvyonua.jpg,1
fingxvtrgywssidapmeibojfikcrlv.jpg,0
xqpenvrsqzvtxzfyrfcdezrzrrzysb.jpg,0
vlcapgrrgkzxaanjypqcqdpbmiookm.jpg,0
jznokamxqbgrgbqmtnmgelssgyaseq.jpg,0
ukidlyglhjokzipbptpwiprxemvcje.jpg,1
hzgmturbntrerjscgioxywsfaayuaa.jpg,1
rehiddykktnnhwzupyadebpfdryvck.jpg,1
eouybnsapmsazlkxozskmiobmzezts.jpg,1
seukgcqtzivrfrmwkiptgtqqlrujvx.jpg,1
yqkmdiiogltaqdrprelrqditsdznbc.jpg,0
dhehiouqegpspfnclnohhsebenkdoj.jpg,1
vxlghbeedbdqrcvqdeyptghcfekuta.jpg,0
bahdwupocidtwpmrhpwdkpdgysdpss.jpg,1
eplqsimumlncrsppcvakbcztbqgjkx.jpg,0
sucwpndvjowyselnhnlehcnvwnkgxr.jpg,0
jsioghmkkmygqjzjykjiudwknttntz.jpg,0
awhhryrsvjdvwoncwmfdvoswcfzgou.png,1
ofuvedftjsveczvitdzofbgtlqjezl.jpg,0
mzbnflvlipwxvzzcyrhphjjuqosdws.jpg,1
hykvvhqnuhxgjbtzbllxpdvjxkjkox.jpg,1
qmlmfjegeachhaaeifxoatlmkoaacd.jpg,1
ccglfyhcakkzwlaufiuuabxhurdbso.jpg,0
uouhrvydvzwjhdidtrnbfoqcmutnnw.jpg,0
bcjtxzwosngtmfmhqjpwukughmymbg.jpg,1
ablhcfuyqnkcanakxmpreufqycpgqs.jpg,0
ysttordljlmrdwshtbvifcuvbydeib.jpg,1
embrjjkivqljstbjxqealmnaikwuxr.jpg,1
gvuvnlfasuyymmwljewpzgkmpaohrg.jpg,0
nyfeanbdpmwuzrvfzpdlonfwdecpqf.jpg,1
swaqwcqegdlzeqtkhduvjassjpgskw.jpg,0
vyldpdmxxktxmgjuercfvuhmlttvqb.jpg,0
hnkqokgieyopckjbaenpdmgnpntnzz.jpg,0
stjfpwlmjugoohoeqvaoebagvubysc.jpg,0
azgujihjrssbfelgjrhcrebstgmqau.jpg,1
lxdnuiynpuaqxlxtcyptuyyanaovux.jpg,1
ycjycyfacirnrqpeuddgyaxamspjvz.jpg,0
iqrdqqjwyzbxigmpjoyizdbzxwywfy.jpg,1
uflvwsbylljniplogotuxdtvjizuwg.jpg,0
lvitvjvycvoytxlzlwgvypuhvpslip.jpg,0
jneoqlrtawkpizfdhneqplgiayqcpk.jpg,0
utzvwqquncnaoturaibrafowtoszck.jpg,1
slpzcushaybmsibhkvcwyzfmxcsgkd.jpg,1
cnyjqachaoirjtlwuvfmhuseblqzty.jpg,1
fapilwermttlugsicjndwiipuorfvh.png,1
wbkyhzfxathhiyipzpkzotbknnulnz.jpg,1
uqersobkusawmkpnxmeppqpydmswpc.jpg,0
beawbpzupyaqkmkezucjpdqahqybxx.jpg,1
fstuusiywhuxkcqlgiunxqbbthjcjb.jpg,0
bmhlecdnfmddqxlykcvgjckrpgpppo.jpg,1
lexnlsmwaporqkigwsjrnmmakgjddm.jpg,1
efmhnpqnpslwrheitqwdjiggqvjzqq.jpg,1
brskgxgxzricfzbtutpmakgmbkeiry.jpg,1
pqugtagfwxxcznsbiuymvdafrbbvub.jpg,1
eyfruosenrvdfoaeonbxkwajgumlso.jpg,1
aznaeyueexqslcxxsdjtmhlxvaqfqe.jpg,0
xrgkcgvfxedwmzjcxertwhrabzyfek.jpg,0
mshiwmufbboxbmqnxxnkvduycxqxpw.jpg,1
fgftnknjgcslhmzvgzyevuwbjvmolz.jpg,1
dkdsvadunhgyrbvvkqmxngleibpbvl.jpg,1
gqyiqggsgtqtmwpjtctzgajzbxlebs.jpg,0
rrhknnbadttjkterflybfedarbxwxk.jpg,0
vszafuemtbxcbdkwiconlqqgehnpek.jpg,0
syidwhoemyurceerefjrdqsnvuoedf.jpg,1
pkvwddkwgdaqwemevcgdcsyklycgyi.jpg,0
lcbiefkxtcoogzfkkbuzmjpjseaebq.jpg,1
bumetltzkxhqikkcvtewednjvxkdxt.jpg,1
azhnlhylrgishwltvtvjwwddqpkbje.jpg,1
zjpbqkpsiabpddevrrmmndvbinjutk.jpg,0
zcxjtwmxqsdhgnoyscwzakmrxvyjcw.jpg,0
lfnymioyxniwuwtygcnjdwkjsvxhmh.jpg,1
srhdxrxecwclnlkxjkpkfkppemyapl.jpg,0
gzgiwpkzpxvezrswkevtepwikkkleq.jpg,0
cjdycjgptonhopomfjmycbfswkfahz.jpg,0
nolhvpfsjjwhuwpelqsbxynlzzryfy.jpg,0
yozhlehavjvknybfuhavqvtflhfgnb.jpg,0
kitsyjvhlfnxphzzcjmyangveqzams.jpg,1
kprijurvnzbfnrdawwycboxdnvpfqv.jpg,1
mynnjdjhlxqptwvfxdwdjvxegabhzd.jpg,0
dmxqloymxorkvxpgnitpmpuosewzhw.jpg,1
wftdonqpkxawrohepkiobwmkhnkgtq.jpg,1
aamrmacbsylkbahdhvcfmeqvgyjopc.jpg,1
ngindczbczghlbprdcypuesbqtcmbb.jpg,1
rtccxhqclbisjkpfsdsidtgufqcmzf.jpg,0
bpsqgullbohggorgbajkjoktqvkapv.jpg,0
snmtnjbctzypzyowulzrjigrvealkd.jpg,1
kxffsezqghgudspenhfvfncosyhhob.jpg,0
ufxviypazuqrnpgsdicdpuhxngbusk.jpg,1
knpmsdjjupafsfktgfkvighqgvqwbj.jpg,1
uumdctaoqxedwurlpasaemsuwaarcc.jpg,0
uctayocprzifcynfyffttsnjpmeorn.jpg,0
eqwpusalrfwfmvgdlowponrletetye.jpg,0
kzwgnxvlaqdtskemzyailcwqtknjvy.jpg,0
zarkelwgccbevnpntosdonodvknyca.jpg,0
txoznnnsfdzlrlfbfityvsnyhueecc.jpg,0
gasebinrzzlngekakwjbrajmnslllv.jpeg,0
xqdmuacwizwbjuohxxgwkvyoqwxyep.jpg,0
ylgyltxagvhsmfcawnzdubhlrnscmw.jpg,0
gmmctpebnxdfvykbiasvvtcshrljkm.jpg,1
kdbdyiqloxitodahlvstmxkqvlpgtj.jpg,0
memdyczsqlrlaywtweayfqkfooutrc.jpg,0
rrrhcduxrxxaxqulttmpozxxprkcnm.jpg,0
btxlkthqwakcphyrimpedjjyxfgaey.jpg,0
xynhxtqglficaxzblmtggbwrmwhxid.jpg,1
augqgteilmkcvkahfvognxdnegfkqh.jpg,1
klgavzoztlcdugackgmjfvkptmzaaf.jpg,0
oyelzxrdyefofcyveazssrcbkjdeml.jpg,1
uloxavduwqpdmzwdmtyqbynukljvzo.jpg,0
iqapowpcfoltnvxctelhwlqroknssd.jpg,1
sylgsucyayhotkvwdqjbmlanzvsrym.jpg,1
syfjyaditohtaxhsvfxfcvseqbmeya.jpg,1
izgyqexjdgyxyelbuoyefqzpjqxhzd.jpg,0
fdbhnkispxlueshxexbfvmlwmyyudb.jpg,1
rianjvcfmoabzwbupwinprubwbussr.jpeg,0
wniqycuybwrxtepmmbziebuyxxrbsu.jpg,0
awztldxsdhvpliitmxpmnaxbhcwixc.png,1
hmxlvorxckkvgfoilmkjcqopybnyxc.jpg,0
zkqrcnoehtkudvxaaljjvudmwulurn.png,1
dfqkkbuzpttzniwjarlmkhbxsdouoo.jpg,1
humhrwpblbiknlpjhpqwiwlqlujsat.jpg,1
atywjyglemsgynxsvkjfmtmfmizfbd.jpg,1
idzcsuscitfkvavpondzbzedeexnkl.jpg,1
whnxfhywbdrtjhlxruqxdkiyacmmut.jpg,1
mdozhuqmfaaadkupgglsopycnsjvbc.jpg,1
lwjwlmveemcgzsnugqxbyflcaydqij.jpg,1
kdlgkrztwbnfdwllyppfqiuisybkca.jpg,1
onulkylxwphnvtitwdflxctukzbxmb.jpg,0
xnmqcenjtxcygxztcjewynbtpczrlm.png,1
khdcliwjetecvwebzsjggjweptxhab.png,1
tuavqrwbvuiiquwvuqtxyhmggoqajy.jpg,1
gkyjkeedaemohdobanmdzbibahhdkk.jpg,0
gglpwfczlsqndffskujhufshlgfzqp.jpg,1
qapxcqfrgijwglglflejcbunsraccx.png,1
eyzpghuongisnbaqoireqbizfxffgg.jpg,0
ntggzagrsbptwzioinxojyzfredhne.jpg,1
goqvtxrmmybbdrlchmzknkpkikevck.jpg,0
daojyiptizhycqshksqlpxqsnyxplk.jpg,0
wyhxqmozvunxrqsqglhqqltfetydks.jpg,0
xuwjsmyeocmdzyfdrfihgpidzainpg.jpg,0
pmwuvrgtczywvejtxppkhclzhtgdbc.jpg,0
ycfdcxuyjfrmdduckgbhndndkmwund.jpg,0
vsoarmucnvclvlqggmogjygdwxmevm.jpg,0
wgorjgqlvosnettfjuhkqopzqdsrzn.jpg,0
erlikrotyjjkqbrapvknuabpsmaewf.jpg,0
bryydceebocakswstrbehhcavohezb.jpg,0
rdiupmntxodhniflujupeghdthrkno.jpg,1
mebismqkzkqqhhyeyufzwufifxkvgh.jpg,1
cnhpwvnrhpynjtzaqywhjzmealvepr.jpg,0
ekmlxxoresvqgdmowrfbpzgwrfjbhk.jpg,1
ioxptdqzysfomhodpsypfeyoopumwg.jpg,1
lrdurzwbgictzuceuaewbamqnfhbrq.png,1
tbqoerqumsbyqligihafzerivmrjvj.jpg,1
lwdnrpyfvdowhgftrbjzkbjgihcfrm.jpg,0
votbkwfladhpqytknoggxfmmfmosyb.jpg,0
hzvudjfpugxukalkspxmtuxibfjixr.jpg,1
lwmdzzsaiixwqpkenspvmwbagjihmt.jpg,0
rbtaseskopjcawwxcolgohkunftmop.jpg,0
mmcdwnrfqloagorzowwuhshdkqnqwi.jpg,1
ahswlzuhcgpyjumleocamsdiulqqlj.jpg,0
ucjdirlyvruulxlqwujltutkkusvmg.jpg,1
cvcakuzugpciyrleluofjxfnyitkpp.jpg,0
ljioypzxsayfzmpzbdzksjtwgebsig.jpg,1
njrssmehjwaofuatvwtfbmqawuhyyx.jpg,1
tyjketzmddoqeyperybgkylbvgfgjf.jpg,0
huiiwjaunysepgwhcuunzfzsxrtoyz.jpg,0
rlavyoidildcmfmjxtuwmnrcsvcxtv.jpg,1
rpsyomvfelvtgcuwahmjpzzajzsbxb.jpg,0
mcabddclpgpdhsmbbhxcxjvmetthjh.jpg,1
qzapjaioinobcjxrgrwixsdzkfdfhp.jpg,0
xrdqshulknhxmjvvtkeexsfxocfoxl.jpg,0
xaldeoupzbrardnvwkjqgysgscnphw.jpg,0
ppjjkxzjbdwgtabruxbuoaozygcbpt.jpg,1
wtmvoqstegmdmmkewhumavgdggpoek.jpg,0
scinyegbsxvszgingldfiggswajhji.jpg,0
nkqxnxrgfurdeisgzhkalmatlrdxxl.jpg,0
fycejvqxgxkxwoisphftuwvqheqori.jpg,1
cjzsootzherxxbjigvhtuywulkizoj.jpg,1
ajobyfcipqvzgtddqywsphgtewgdrx.jpg,1
zvwtedjjyxckozhbknswxqynebmkeb.jpg,1
mzmafkljixvydxyqaosrmzslszvikn.jpg,0
cptrylokoqvforyrunlffjjxtfefyu.jpg,0
yyjdtnkxdhpuycghpnzxtwxfctxljf.jpg,0
cbiddxjkuflcqhqbzesnsbjaljwlxj.jpg,1
llpjfwbbvwvhfrnxgizgjtuzmoanvz.jpg,0
xqlhqrdayrmvhatrqxosemhrwrqpcx.jpg,0
cporvbdxoqrfixolhjekytjjhfaxak.jpg,1
chmzrwqfqjxakeopoegnmpacmeomri.jpg,0
gngoauwyvtrnomekbcbhqmrfcubent.jpg,0
xtbhorlqannjmjkqntazwodlsjzofd.jpg,1
rotqjlfvovubyjuxqzwgpyusyitmof.jpg,0
rfhdqnmawaphrfwnpfxitmxbzjppxl.jpg,0
kqymrnopfkwvtkjaatnzkyreiprmns.jpg,1
owhmxfkbmwrpclupbcwpqrjgzajhjr.jpg,0
jjeydmpeiumltwggrauihdyjijkear.jpg,0
prgpqwhfezochfstkmllzxramdcgdc.jpg,0
sydvpghajgyffkujckrbjuhmcxmmjt.jpg,0
sbcnvulixmcbjezgosfkshdcsbovtb.jpg,1
fbapxijsbxkhhukxpbdhhujxetoqsu.jpg,1
djzdqczfwvrsxvdevsnilzqmtmepjx.jpg,0
kotklhjvdxxfwcjfaeienjtzcdllyn.jpg,0
coqliuutcrbvczilweljtcvjsonnmr.jpg,1
auykulkvfqecycisekctygdvygjhrc.jpg,1
iqfdzqvlknbkzeecldpilnfphuvkpb.jpg,0
tmirwwzjdugzeynzmzomdkorexluiu.jpg,0
rwefzxdnwnkvashdcnnusjfhdkiecv.jpg,1
lajopjzalvfqgevcmemscyzrmtbreg.jpg,0
hclashbzvbpoddhniowbyasrkaiwlo.jpeg,0
hqekuvpyyasgcjhbkttdepbndlinmy.jpg,1
uxydkggabzowknogwrfvrtputpjdjd.jpg,0
mkastywzworowdxeuctnhvbhwcjlcn.jpg,0
tslxepigefkmddeykwqaewrygtslwr.jpg,1
ogtkupzlrvufiponfimdpeocnxhvpk.jpg,1
fusqppukkoqlzlqylwaoenicbulzhk.jpg,0
nbmzvzwjridginemsejzgvvwkixniq.jpg,0
dneansozlgoktirzhykdooadkhiwhq.jpg,0
jhhtcvigjostbkkgggaamtwzurnqer.jpg,0
fqkgmohcyrwitoufxpoovwogpciawl.jpg,1
lqllkwuuiizdblmgqvsumboutwycbh.jpg,1
niaxfkfesixkvwlpwonntlqqsbrjor.jpg,0
utedtuuathvzhxpzxinudngjishbbp.jpg,0
bpwzubqeojttiklnrskmqheackknsn.jpg,1
bhlaxcbmkuzxpudcoliyjwbjfgzped.jpg,0
cnlmaezsbsykjrtguadjaevcaqhart.jpg,1
ocvraqvlvcbftlvhemucifqrtkvxgx.jpg,1
ihgmzyexcvpdzxsazmgbxqoyouzoaj.jpg,0
yzatnbwsgrqvqpsnxslzyfkckvoepx.jpg,0
ovvsvrvfrfspbyqyuqbiofwuvfconu.jpg,1
pprrewdbyvocdowungzgnyvbgeehol.jpg,1
izkfunqylvjvtyzxxvjzlggtjtijfi.png,1
aveyxuohexvwmtgiqqldejobxhcbru.jpg,1
aeoznpwjxjsawhiousrpjrxmeltnkw.jpg,0
jgrkuacafspvvcpdxeydeicyldovsx.jpg,0
gqmexiddrtuljtycctgadegzqycifc.png,1
qyqvkjizaxvsfcgnhurnzbzmoxbltz.jpg,0
ikmfldaptchowfrgmzrgssiqkjicyw.jpg,0
nhjvztqdqtiiriktdreonfvbborddu.jpg,1
chayxrbgfnnnkqiyuwmyxonmkhzoya.jpg,1
dbiadtjlgrzzqoghwvdutgcmamwyle.jpg,1
gpjdwopftszmosweyaapcvnamyfxso.jpg,0
hgnrxclaqbyniafndxadftlzibefwx.jpg,1
khnpcxzfluxnhcqpxbyvibhuiomwuy.jpg,0
qdyhvtfluuvbqutuvpwuppwpctglna.jpg,0
drmoebbhqisquqphavixhalrxqnxvi.jpg,0
jbjvrhaagikcfvbsctykaqltvwdqrt.jpg,0
weptoxstkbzacxhukduszypyhqxvbh.jpg,1
ezpufvruyaycpcrcfuovbimxvhzcaw.jpg,1
pucpmiivdyunxqjxigabqfqujjyyxs.jpg,1
lwneqjfaulignkrnobdcadsciylmcq.jpg,0
radafdaijhzgynzcvgpdiaqpddfwrp.jpg,1
pvvzfihzishaquvkgqfxcftqqarcvu.jpg,0
oinqmmowhtsqovexkrmiuvebkdifgf.jpg,0
hpurkuyxligdvrhgbtibxzbmkbvvzc.jpg,0
gkkyvkssgzphtrubosqxyhkaihmixj.jpg,1
nqwmnhkbvuocjnjrcgnmnhjhhvqhec.jpg,0
atxgwqlbhmrkqcaxvuetfvhgauvcee.jpg,0
onqlhirnckescbcbflsmyavmtzyoal.jpg,0
qdwzxivuebjdrugykudddewkursusc.jpg,1
pxugxdakuyebluqvwhhmtavlevehdq.jpg,0
wfgfnxerjwwaocegncznfyaueygyiu.jpg,1
qnikpyngsxekcazlemvbfimnmrmwnk.jpg,0
pbwavcntioittqeuygszeovrxnthay.jpg,1
savapdstrnvxewmtqnwbqejymftyqe.jpg,1
ahragsfmvjjtciuuzvgbuahoqpjkly.jpg,0
qqagdvzvzvpdpelujmkvfcdcxrgans.jpg,1
gzmchbgmbiwuyckveuenjgkutgaoqk.jpg,0
mylvywurxdiisjkzjrzewghowfkpye.jpg,1
aaqrdyfhhsdwjiykofhsexfdamezlk.jpg,0
cnszgibvpzkbpwwypnwqckfjybvezl.jpg,0
qjdevwklwfzdkvwysyasxfpqmatcef.jpg,1
dcpnflnvxiemwvoeztorrnhibjwfuf.jpg,0
ayrhyxisagkltdwypeacrdwucsnues.jpg,0
vavfrsesqwyfzsyhsxqgelkjfbpznz.jpg,0
riksngucvkfwkyahrmlczjyasojvwo.jpg,0
wfgjfivjkiitifofauuaytyeaxrrll.jpg,1
saajghmghgmnlwlyogbiplxvnhvdec.jpg,0
bokaluyqtprwstaomabkyywzpnrngs.jpg,0
hpkriaejvshjgceilcgissdbdjkjbc.jpg,1
wbikzcncuacqyqlqcmplkqwhhbywis.jpg,1
cyqpraocamaxzxaoivpbuybxmpcwij.jpg,0
dueetwolvbwjxqhmvrmhkjxoxjatxh.jpg,0
ywcnzhkqqkxrcrtpjgukymljcxyyyw.jpg,1
jprjbvnjvmnancimajwfpwvvnezgxb.jpg,1
thuzhkgjyvcukyyqiyovrpdyndvpcc.jpg,0
fepflxwsprpjvagweolynfosnytarh.jpg,0
fwmtgqhmsnzriudqgiettemjaudwut.jpg,0
uqbjmakxqbdkhskyamydtiwlkstpli.jpg,1
iurrhmjxbxceorfaykgawuvrsakvmh.jpg,0
yljdpfqmmxqcwplvtrqsxjoyvcmleo.jpg,0
zgvgjdxlrhfgoepmagvuivhnmfuuoq.jpg,1
ljxfqpvspgpqtmbhhvqxovltludxlu.jpg,0
kbfprdfmuicvutpvutvwhctequtcvv.jpg,0
fnnyhmbbxyapetrlgvdlkgfylxxqfd.jpg,1
oibuhdkvlfblafiwcbwqxxzocmpnbc.jpeg,0
ertrdwzalmofqmiykebcdbzamuvuag.jpg,1
exsgpqdwklswcjnraroqelbpxnoivq.jpg,0
fsqlihawzshtlycpvdthekrazqqvmh.jpg,1
laqhefejpknhdmlzkfudavqcqvhqlu.jpg,1
zqkcdbvwkljllfbecryuitzcmcieij.jpg,0
dgclmkygpoghuheokjzhvblmzkzdin.jpg,0
czzrmnxapwoytmvxmynsjeuroqdsdt.jpg,0
baecitodgixqzomgkuuixhtpxalmzi.jpg,1
cxqpaaqtsdapvpcoizxcayhyfykmjl.jpg,1
wvvphaihzxuufdtdmajriikbsbzxju.jpg,1
httisaslaqttgyopyxnjjmxqsqzwys.jpg,1
oowtnstjoknvplkhunpdwrwcpxirvr.jpg,0
imvxweirgozaxbythelnmuqpqbddqk.jpg,1
zrgfntovqjzmrenvndkyfqskmhoqbo.jpg,0
qyvooeiowhdtwdvlfvakecwleukbvb.jpg,0
vklfdggbpubyklvopwqexdutovabqe.jpg,0
dqzsjtgepucdjtkuyqesmirmsuirqe.jpg,0
wykodimykvcrclldklvwugnhnptero.jpg,0
fhikknnhdjhhefvrspitjwrvdiyxht.png,0
agjhrdfqyvzjoivmtbrvshymsiqocu.jpg,1
gxcddcokodvhhuwipfpbopbnsikinn.jpg,1
gcfjvimyajtagycfofeygpwkyuhxoz.jpg,0
nafzzlvazyhqodcebnylpnmbctqwat.jpg,1
enpkviardsazgyepmymcseehqaadeq.jpg,0
igaxgfwwglqtqhlptcpwyhxfdtqtmw.jpg,1
jvadkqgjujwjysijjllhztmycvtmzr.jpg,0
ehfnvpictkwhhnzmtsypriqbfknrgn.jpg,1
bxazgghixladgkjuctwbbplfusnmuz.jpg,0
ofrtkzzqwymoqlacpghpvkmpxyjczs.jpg,0
jhzpnsmcjbcdmetshxtyfbnzzffwyy.jpg,1
kjrmigjjrknhnsepposyepuqzszasw.jpg,1
jovhexogcwgvnpmqopkxgqutngejfr.jpg,0
bpjgrawxmtctfhcujukasbzbnuphee.jpg,1
prkrkappwvvumujnlzbuicfjskwaau.jpg,0
mgtrtptwtgsplvsjpaglyvaxzzmbrw.jpg,0
nnjeveoldnmxhnfaumqddbihrxvxfw.jpg,0
bnsstzvjlmwfeypiwmkcpdcnnftsuq.jpg,1
cqhlktnhplqxefxijdqwvatnmjiuox.jpg,1
muteikifrayeljjgliwamyorikpbgx.jpg,1
yjttefbtlovuhrbbpdfvrovswjiuqd.png,1
mmjgypulumbxwwkcnaslzgxgrewytj.jpg,0
polqjnunfnulcgoyuhwcxlydvlheeh.jpg,1
lrkbgfnolnsagnfytsmwjmhvztiyhq.jpg,1
lseyyusejdwbevjqmnrctmdrxjqzgx.jpg,0
mpcirrtdelghdkqkypfmskbkryumyk.png,1
kadiyluxuyrrrbskwhfrdgwcxylovd.jpg,1
rrglvnqfgzdkborqqpsqfeeehwqhls.jpg,1
uozhapkotdfjmqorabdluvgjnwkmml.jpg,1
qqaypycgxnhulhjiynknwbqgrcclka.jpg,0
cwzcmlxrbqaooqbkorglcztgvodlod.jpg,1
vnqeuddcqwuownogilxzpkmdcrazva.jpg,1
ydrvekvlppaqqgwbjmjqfxwluazzxj.jpg,1
jbwenlwxtxyaqztgoicxacwxlqsjks.jpg,1
ceqdxlmbzctzmurwdxbknlxqjsudce.jpg,0
nuukxoletturavhpmprfeziaokevji.jpg,1
sswwlrxvhyhstuiykurjkaxwesdxfw.jpg,0
lfidtioamkcmvhswxwlchaqfwrspsw.jpg,0
rrlinfmdckrcpukpsamywkusiqmbxg.jpg,0
srfqemajcsxobwhyxurrrthvydfwub.jpg,0
ffszehfyrajcvlrynygukinvotlshg.jpg,0
yvnbhskxbhbhmpjdgfbaxbfamyurft.jpg,0
kxkdbtbgzwfhblawawnnvxtqqqtlro.jpg,0
jekochvwutsuioxreihlbqqbelojdg.jpg,1
rwgkxuqqljwvhqrsogzlihhvzjabgl.jpg,0
pkhjirmztlengyvcyryspaanbyyncj.jpg,0
dxzrogtvgozaougbwabycxrljodbtr.jpg,1
tmeugnpaguqbqiwpouunqzpczoucdj.jpg,0
duklcvxoojiiwicpknlsfmixvorlds.png,1
csoqfmptkoxwkmkgvqijdkdcisegml.jpg,1
gmquckbspnnynsvwiuprdeuutxcwzy.jpg,0
spkeezsnymkqnktyugkoazfuphzvip.jpg,1
ptlreprconjgzwytlaakxutkxcyzvs.jpg,0
zklunmytklhhzvtmufytsaihhfrgzq.jpg,0
rvrmjcalhqdskhzzddwmvztgpnzucl.jpg,1
wfrljvnhcchkfxboqpadkaumbaktor.jpg,0
lrwhajwqooqvuekbjpzmufussyxmkz.jpg,1
xledbmwwfajbljtzrbluxkhwpjtdyq.jpg,1
dzqqgepjddvbjfkbnhhqexbxcrhuyy.png,1
aqdlngpcxkwcjimrenxphhaotwvgrs.jpg,1
evwjjlpbaiqsyxtsmrduitjsswxkje.jpg,1
llvmqgijbszwjhakwvfnmaaxurpcuz.jpg,1
lrwaaxcbcebsfnirarhqukxnhqbcpd.jpg,1
rblxyebdxsswuozyyjmdcyuyqjmzcz.jpg,0
doebulowehyakthlkgzxotiyellgas.jpg,1
coailpnigqsodekojjozsixodaiafl.jpg,1
fuwljbuiohnagiaxljrwdwhmqhqobp.jpg,1
vypoagcvlqcuegrqhsumgvfezwhide.jpg,1
zkkjwcbflswhblwenbtuoncocithsf.jpg,0
pgziyshsucxiixrivppqaavzpzumre.jpg,0
lvcugzzbmxqjlxosdzsnvjmytmcsip.jpg,0
bwljrrnypwhgdnpqumlueqlfdfoseu.png,1
sgbblueahmagbohfkssucrioqtmhdv.jpg,1
wcvbkuahuncjccukyjnnlzvzchywzi.jpg,1
lkoxarjwuqwmpidunwjkojklwclukg.jpg,1
xwtdzqtqfgriqpxznfomajsoopfarv.jpg,0
jvsaztemoymklkvejkvmlsoxymwqsp.jpg,0
cbgxdkgquywmdaapvjgfdwigfoxeix.jpg,1
jpewusgxdbannlsilpjpmslukrkgsa.jpg,1
hsdekumjteanhjgggeilimmmnsgizw.jpg,0
krwawhpsohqkntcpdihyaoyityyeil.jpg,1
rczcycvupqndlbjvioiphpketniefy.jpg,1
dobcmgwjiiurqultatbxuigachntms.jpg,0
wpeaomsfghnzjpbchnbeyfubtsppif.jpg,0
dcwpsjckwixmxqskhpxcspulebewsw.jpg,0
lezkptqmqeleaouzfmcpomptojvegf.jpg,0
iqlsdbnjowiqswcdyghueaitkmnbjo.jpg,1
xfpavtjcslgqpcodollaswowusfzcv.jpg,1
ygaawyqwpszncfgyyeympovkxinlhp.jpg,0
uejmbngyvypadrzijtzhdrwobwwliu.jpg,0
cpnmrxmbyqddxsssfksmpotmiukzjy.jpg,0
zawckdveggqsqhklbafqgdkpqjzivw.jpg,0
lacasfvnrbzdpjprhyqirjkqntbhal.jpeg,0
ngeicxstlcyqivhdvbzhmpxxwgunfd.jpg,0
sqffxaqqfuaaglwszqvbonxkqvubea.jpg,0
lowaakkcreqjtebwflpyprybqrncjq.jpg,0
vfwfhyvffqxlkjrrmoxyhqtkymdgre.jpg,1
pzoassehtplnfkhaxqlypibxxpaqre.jpg,0
sczhdwamqbmpolozkmncxyqtcwcbdd.jpg,1
yapsawxxzpgssccvmkdicpapyspgbe.jpg,1
xygofrhejiubcnftksdkmxbwarwodi.jpg,0
dlvyrcgnkszeodhqrtdqfietiaxpgc.jpg,1
wxnkpyvsxpcxhyfnnleacondpjnvlb.jpg,1
dazkdezgehvbieiapklvcrroxflbwl.jpg,1
wnwuicvjalgobfyplwhxebavyldipy.jpg,0
cacwfcrwoztpldtkbpgyevdtveivnt.jpg,1
hankcxghyoazepdywzlbuuayejuntb.jpg,0
zbmmixvefcnotutstwrxzcxyjnqyul.jpg,0
sozkygklirzemzkjuwtpqqlbkgjzdy.jpg,0
znthmaqunfjqsfybtixsphzivlxubg.jpg,0
xfbrahzodrtdkgppzlsatqqnerpccr.jpg,1
novvcdiisxcepscbjetnopaonzummx.jpg,0
mgghhrcrbxjdszfylgolcrjsvelhof.jpg,1
iefkcrieoefusyrcyicncqjnmtxybz.jpg,0
dacidgvhrcgyttssxvfcsancaqkqhb.jpg,0
doyfmrkrfntvborrdvoxnblajbljrr.jpg,0
qtlxhrsgyifuwxfgezqohgkxjkyypk.jpg,0
iznrivnlbyzccwipdiopasoqkqpdjz.jpg,0
xiciddvkvdxqwokswmqbeoymaumzyr.jpg,0
dxtrdikuzexsokwddvpdyoywovrekg.jpg,1
kuxwdtrzeeqezotlvqfurpzqdhvlph.jpg,1
cwinthcylkxogdbzmdegsdmrtdgsjt.jpg,0
jigqbjapcmrjvwfkrcjzukigiibttj.jpg,0
zwraxnnikcsbxucagwbyzvqyckwjiu.jpg,0
cnbzcotscamiuegmdomzehahnjirwi.jpg,0
etwqgdkqabjtjltlscecnmqulvdrdw.jpg,0
kppdekvtprvcqwfdyxzpphaknjjfsz.jpg,1
irwhkmmswgdvozfmrsjljfyihvcruu.jpg,1
gxoniiscwsmaaerouetsyezthremux.jpg,1
fgtyzqjuatsdfpstjjoygpbxswbqdw.jpg,0
liydggqgifvbzohqkhjwjudljdhuyf.jpg,0
jobdntvzjdvfpqwategemzrugyheyo.jpg,0
oejfnbmtyknfxtrneqhkwyraidkvwv.jpg,0
pfhdkjlmhlatgfauqnoagoubkxccah.jpg,0
hliwxrvmssilvybjbccoaxecnltylv.jpg,1
gyufmuyplkhgejrjmsenqbbtcdaawf.jpg,0
btxrtykxyndbccgvyboscqgesotvhy.jpg,1
hdkrlyaphygybkarupttnzhzmopelk.jpg,1
ekyurepahzoaxcofcxlnjlwebjzsrt.jpg,1
krvzqzlunkaseffqvkvryniendykfg.jpg,0
vowykwetsbqrojhitqvjnahcsbybxk.jpg,1
qrzxncrfkjyavdjajjcksslcftadbk.jpg,0
fgwjrbepbyjmakbkjmqwbivmqwznez.jpg,0
kzdiezepouxsilvucuvngokzejbukx.jpeg,0
pyjadmrpperkkiavagwhiuxyfoncxx.jpg,0
opitzcdsxnaudhsskebbpddfrizcmb.jpg,1
lfksbuaqwrieayohbfptmumbfjdebb.jpg,0
yqjgzjfimcosaiooagedxshaqvyohm.jpg,0
axgzuajfnlaucpbqcaefhqeczaeebl.jpg,1
ikhlomyatxfvjjynfgpmyquiqlzufq.jpg,0
knksbcprgvtefnwojmwjjfgunjbcfo.jpg,1
jsshpeconezopjazqepucqtvkuxkyn.jpg,0
dqhgxnmlcyindyufkvtbxzhwmwgbum.jpg,1
ymdebxtkxelgjcfcjjpmhfudampdxj.jpg,0
tlxqlatzdxqoocgbfpvvatxxqosfbh.jpg,0
ppfbcnhfnqgnhkedevzxomwqrjtsgk.jpg,1
tqlkdrgyxadrgxdsteqndjrsdcpzry.jpg,0
vtpnyeyupdwxmykjczbhacybmfpxyt.jpg,0
qrszgqeyvimvdknvmkexzzotmlhvoh.jpg,0
nmrfconhojuuwqaszmvlzsnywysruv.jpg,1
mmyzpsubrlmncomjiljweurkyxwtoq.jpg,0
kxdrybuvxglafohrxfhxfkvhqmwuzu.jpg,0
yynytdunmamenhqlhvnmphhhhbovmm.jpg,0
tfzyixafumiekytpfdocrfjzzvhvtl.jpg,1
hqeofiflkshpmnrxlccsidhzmnuthh.jpg,0
gybimawglrtzozisflzbfehsuxiooy.jpg,0
zicacpsjfajdzudyzedyjjhumgulty.jpg,0
wcfptsqwbisosjljrubgfekrpwiazc.jpg,0
eodhhoakptpopitocuudmfaljlnxab.jpg,0
etdttnaofpvzbpekfuymfliovmwxxk.jpg,1
swznuvuchfzbzwfriqbhjfcprkapfm.png,1
bifznsjlljsdatbtmokwhhwoshezsg.jpg,0
ooekdkrhzhpuugrwbaswapsjwcidoe.jpg,0
esassakucannvulxjghgegguvlqalx.jpeg,1
ffstpobcxhdierscaqhreofaxiliip.jpg,1
ulnjnxlyhzgzocbrdprrhkksccjugm.jpg,1
gkxlskgoqgmqkdsgnelilksjyucgro.jpg,0
lpjfigkmftfajewyssranzkwawkuaa.jpg,1
oprgyxfhjuiuxzmjvmnfvppeibtqpu.jpg,1
smjjwgyxrvpedxzgdgdxmadkzjhxxb.jpg,1
emtetjfvjynygrlylqpjgycqgkndtw.jpg,0
autgwhcjgvsfakpitnsnrokzbcglon.jpg,0
yhmribvabgggpbtlllehizxkfqalqq.jpg,1
ylzxdqpxqrmwexsyhyevghbgbxjqvc.jpg,1
sdnwpkzowelajiqebyrqmygeooeqmm.jpg,0
zqnjslbgufdovwfmrjskyqyilsadsq.jpg,0
nbhdqoisxkcoozgkwyuwcjehniqxwm.jpg,0
blndjtttrlsvlvcbsrflouowheehrc.jpg,1
gvffkeypaoiwhtdwczabeuqtyiugtr.jpg,0
zoptssyykrqwylautftdjjbgujmiig.jpg,0
hkkdallyhxmfjjchsoxesxebhtygvq.jpg,0
gmgpdflphzxcjngvqpgwqjwcnugelz.jpg,0
iqcjnyjecbuqnswlixwfxstemuhnts.jpg,0
gvryvlubplzelzmzewqhwohzqtljdw.jpg,1
irpggwgdilveqldjbjiujbbaliueyj.jpg,1
dqxbhahwtsftpzeyzuctzxbmovacgz.jpg,1
rcxywpuskfedmzzdlsgdchydttahky.jpg,0
fzndcjcmodhbdeunmladhvphggphiz.jpg,0
jdptxyosmpkadzefqwdybhczwcetls.jpg,0
frriasrrutbfzggwldhrkzkkdtddbg.jpg,1
farjpgawowkvandaiyutqnfxllvokd.jpg,1
kjgubfzpwtlwkzuismodgzncsolkjj.jpg,0
pckemkmgjbvdmhcthlxuxlqzmkyspg.jpg,1
nvqdkncyhnyankdznzuvfzynonqkon.jpg,0
xyallbtelawepbmsjjojbobschpdqj.jpg,1
jjrvufzuvhbrekmahtgbyvsaipesyh.jpg,1
cruflligcqifwoncmbkjzmzmvshxgd.jpg,1
hdrkardohmljfoaejdpbpkutfrdfur.jpg,1
kamgyhpvfmaabzbahljxxmqgwrlpae.jpg,1
igmdwoiijzbvxgndvhpkteptrqlcrg.png,1
jeboojkgogozhjiwalokxhyjzscpwq.jpg,0
ejxavuqtingroxooeqduqpnvqlugox.jpg,1
gqacfwfotqwlbvmobfdquaduwhdpck.jpg,0
xfydzktuxgnvvjbtvrsbaqsfrrssef.jpg,1
ieogzamndwfuoojnrlwwiqzaljogjt.jpg,1
ulxbbojlpaqhkjknzhqdghmetdkcdm.jpg,1
nkbuhxqaddijjvgcplsbxrnwexvmll.jpg,0
aajjpjqlqyywucvkzuwsqpbxxyqiih.jpg,0
tymkjmdvwpcgmrzfzeauxkveghfpvu.jpg,0
tjztdiwdlzaczgiuxnefdthkjqamgb.jpg,0
ylpmuviirizhvbbavarakofbdlvxgd.jpg,0
lhojqfvhrfwmodaowocjgjcaczkzun.jpg,1
tlqiandivcgezspueqmnfwpvjqvljv.jpg,1
xssuquzxphcmdrpcrurcedzxwazbmm.jpg,0
ccpskwjtxpkwxhowtovvbtrdxmzcun.jpg,1
cnzwogmqaujdoaoctjcufqkmivzndh.jpg,1
vrjjsujewecjybqxmlmyblvooodgzm.jpg,1
vcrhwteptppxtmhpzjozlvktyieyek.jpg,1
tosktmljkjfdmmowiceorrsducmhrj.jpg,0
kfonflqwzjoypdteyfienebvkryoyx.jpg,1
gknekhtxumsiktsbnrmczrczxalrml.jpg,1
wucmpjefqutxiadolljzpiqrkkcdlu.jpg,1
lurovcxqvkdzpyjuugsafvbajfortt.jpg,1
qpnntburywwiwdkslpzaieackmscrc.jpg,0
bbncsestiogrfkymcgbrpxajcokkox.jpg,1
rldychejdhgkktihmgwbrxbqeudjlj.jpg,0
fljvamzsszpwkqeorlousfurjgdxlp.jpg,1
kqihfuctnngjaelqetrinzltnazdmf.jpg,0
bmvnzkvdelwaoppjowbbezfdzyufzu.jpg,0
nwbfhzwpelzlcvrxegcndhpqyfqgof.png,1
oxscmkbbcgtjxjwiimmlnyvtmkcuel.jpg,1
tqscrbcqdkpvdlzdmelyelbsmkfsez.jpg,1
qrqhjgtolfxpujhfaqdmbnzbhkgddy.jpg,0
rwewqiizlikiupmglroawuashwktcw.jpg,0
rzunvltrzlytruultkysvgwkdxcagl.jpg,1
jkevoxejdweimrvdqxcsclehlhgpte.jpg,0
ysfxfqfsclwknvfvptcumiowxglpqx.jpg,0
tjnirjfuwyulpykgpymwnhktcziftj.jpg,0
gsjyikrwaodcitgrgcsalsppuceamz.jpg,1
rplmzaccmemuesqysjbrcfkmxlzsdc.jpg,1
ithkkmgmiihhewlqiycznvepzxxaoh.jpg,0
dpyeigsuhkdzjmslxzpnuomzhgghqf.jpg,1
vyllxqlsashikryptybxhgwltzrmqy.png,1
cfeetndnzhmalxewaafeorzbjfdkkp.jpg,0
nlheedlkmkykfflvozfmhyjovvyxhw.png,1
bwrmkzlhqvmecajtmfvicmankqhpvk.jpg,1
znuhfdsvytafkwfjqxbzuvyaehtpex.jpg,1
tcgcmxqebwirykftgvichdlelkrsxi.jpg,0
jgwydywnuqwynmpqbohhhhxqvszsug.jpg,1
captiqioqqslxlipgqznzxtpwzevls.jpg,0
qmnjdtxpccsokmtoxckorwgzxxsgew.jpg,0
xydfmddsoanzmvokauiojbvuqimzdf.jpg,1
uhtvagonubwtidabmaskzbmlwqbdvm.jpg,1
notbyaanldpimaiuliqkvxystzwino.jpg,0
trgdslyznzcnkejjabvoetbimapzpu.jpg,1
sznikdxsxbwemsgidcfglqtmhfpoxu.jpg,0
shmtmwkqlkkoyxtnqfoxvxmljlvkpc.jpg,1
tkwoxmrmbiepsavmqvuarvdufgwyga.jpg,0
vbhwvtwajbggbvmhdufuzbhairvsom.jpg,0
zozjmbbkkzxemobwbhftgskxlwmnwi.jpg,0
cedgvznnkdxgvubwvjbgqvxetzqipb.jpg,0
qfzjlvwypfhaduhpbwckzctsuqnxsp.jpg,0
yvrbjqlyidrstzvpyfiyroshdhpyzm.jpg,0
koyzsmvyanbokoocvaqszccxzprpza.jpg,1
xrulqhbcbggsafptdvbuujqpyhejpi.jpg,0
yqggczpviodhiralxnqqveapcvqjze.jpg,1
rxgbwdnfesvbcjpwxccmwmujsjubwz.jpg,0
rdoiauxzuiksyyuqofqzapdzuhcbjs.jpg,0
cyuhqosnymnrludnccguohuyyzegti.jpg,0
lycttvvlmfidyniqbvvmwkktwserol.jpg,0
bhyajkefrzixtsylypevexueyjgtky.jpg,0
ltzllosqifwqjsdsplvhthkbyhcssf.jpg,1
ksqecvsnltcyxdcldmxtjdntyoycrw.jpg,1
mpiyfegdfcjyqdhxblcjlskygxegdd.jpg,0
ecwyzrchdkydfhollnvgwqqafoccrb.jpeg,0
gnclxgzfgljkgxteykrmjkagyjzxsb.png,1
htxzeentvvqcxqchlxrytlydqighzo.jpg,0
dusrdvulolkrvswqywrqcndcwzavmw.jpg,1
eckxcaejqyvtuechtzdhqwvgztzsbl.jpg,1
huolilhmkjmyercgadqqhrcfwwexxz.jpg,0
vjvkdjarjsqwnoqmflxlkpeyilphcf.jpg,1
kiwebmtvbfolhclghcbcdqijihdrdh.jpg,1
zooycwpynberlhuuryszsaamazedzf.jpg,1
zmmadsbdxxoxfbalhhobqlkenyyuao.jpg,0
jcsxrpylhqlwnltbqngzzjeemcdkbb.jpg,1
tnqlerkzdybeaavdttizowcnumddzl.jpg,1
sxniydiarotpallkxakejekesnivla.jpg,0
vsnbfyibouzmvezamzmtobvrakeupc.jpg,1
oeleqthivpylwbdjuoycbcogfmetxt.jpg,0
tffkinxuvgxoupdcbsbnzjzskzzhwj.jpg,1
nhbabiosquchymecbfjyquzxptgcld.jpg,1
xggkpsfdqlrytnyzcyielxldjdjqxt.jpg,0
bcaihuylsfysvkykincbwuusrxreut.jpg,1
afolbmlyqayubtqtlsqdafbvzreajk.jpg,0
pueoruxicpinrqmhckieebldxnjkyd.jpg,1
kuoyuvkfoyfhbhpwwyzvsfqnnqqvdk.jpg,1
dbegrxzxpmcxwcvgkgnbcjrmsthuyj.jpg,0
vniffeibeanebbexisydukdulrmqom.jpg,1
wvauzdfgrycpbawdvmdvdddklmoqtt.jpg,1
pkyimaglbzxkstjmaphqpravyqrmqw.jpg,1
bnsqhptlglmoenyzgkrbcyxsznizfb.jpg,0
aalpjcukdicembbvukraexfyxkmsnd.jpg,0
jawvljuifsyleiijslvwujhrqhbwqb.jpg,0
odkmgpibkxltvzcjjnvgrzptqzqifq.png,1
dqxvxxubawuwmythhsrxztgpopfvih.jpeg,1
hqoqahbsyglomvxyivijhnaoywfhov.jpg,1
yazsmoufnxenxxgcspfqqsapuzrowe.jpg,0
rxtxndoptaaqidlhulmpdmefkdpiyq.jpg,0
sfbqiftqsrtklymfhjzytesgkrhhux.jpg,0
gsrkelpufbyhyoryilxvbkdtmdlxrf.jpg,1
zlvfjbpweenvarxlpjomdogsenjovp.jpg,1
kmyknxmqzetkaeiegexpirtonouctn.jpg,1
smxnplbtgbfqyyjpexjufyeieeoxsu.jpg,1
ojujwjhiizzvxhcmwlkaqwqqibiand.jpg,0
cxpggaenxadozfeebdjhykalhvlzwz.jpg,0
gfzzbdsqmxtuhebmakkqfchefhkcxc.jpg,0
wocscofbqalhhdcmyuxnnkgqassbmg.jpg,0
zvhwdvmjyizivgkirrmygqdrjdaxcz.jpg,0
rsrhondgwszfonirfiliehbxuwhlpr.jpg,1
uwucyjocqumbezaldglwpluscjzyno.jpg,0
hphgwudyfwnedmmpjzzwkbxrpbuqis.jpg,0
xnfgepdnadxffeymlrgklsjkzsrwof.jpg,1
fafcnwbkuuwiburppvdrmecsijfine.jpg,1
bplxokaadmxrmwucjvwtoxryickzve.jpg,0
exfkjarfpkqwyzpfkolhmyijlgluit.jpg,1
jjbohndpkbfozxbruuvuzlkbpgzldz.jpg,0
kplxullgcqwuckcinaveraggftjegz.png,1
doyhoqamjdzhrhbpojtvsttntwlvxw.jpg,1
jlxckhwvzjrwpqolkwymqonfhnuqir.jpg,0
lclzinfcaigjtheunghbgremjehltf.jpg,1
yfkwqrcyjfloklasitpkfkubsodlft.jpg,1
ccsqimshvulntrsulqmquamhgqdfim.jpg,1
dwsgrqlfgrztnpkjwnwkgbofeaikcj.jpg,1
ripdtzdedsorsqleqqeduzqcdjttve.jpg,1
wpyvgvjhybaljtzduconhborbnpcps.jpg,0
fhvdgoubvfcgxjujffdgyklyosgres.jpg,1
cwpopsihrhiapzrwdhyrbomfvxnwke.jpg,1
yvqaugmktlxunneeojbdaadpgzllio.jpg,1
rlmxgbcjhewmegwmlgmfpleeooabzr.jpg,1
xtknzzxtppwsfqilqmivpipwmhdryr.jpg,0
xovvldznlqklyuonzbcimsjbzxrtgd.jpg,1
hpqcpfrxfbtbfdnislyooeeiyekmcx.jpg,1
qjqklnywvybvtulyyikymclmtgawvv.jpg,1
iggycbsegvgyvgrmpiaydouercfbfy.jpg,0
pfgxjwetmfsmdjoflxwgqrpcnzubvu.jpg,1
bvzojhjcmtfccktnbljmylimgnfwsb.jpg,0
fhbhkdyfrjsymzsvfxustejtuzqzlw.jpg,0
ndjxcrftvbfeocnwaouxevwuxlroeg.jpg,0
ldqowvydrrdihcpcdpsrwcvvypzwvp.jpg,0
fxabxelzigxmknqqpjmwxczofzhdxi.jpg,1
xtufvpqkfqlbucbyyiiuqqhawkwzxt.jpg,0
fxkkripbvitiqtsukplynjrmychvrx.jpg,0
ljkyoarjjsfzpguocnnmteqqidnztx.jpg,0
vcozhttcspyczzezxxswrkpngzisqo.jpg,1
ikzfewrnprjkjxqprgrdpyoambtfzf.jpg,0
wqocnoddovcesbkosdplpzopryuxyl.jpg,0
dnadyjmewxvquiaiwpxbiwtejdfovs.jpg,0
jqvwfwufxhkznipxenyyzefofyxsxa.jpg,0
lyaheedwudtwkzslpvxsxysnjvvxxr.jpg,1
nlqbrtlzrqyxcaxccanryeedvnbwmv.jpg,1
fvalbwostdugdeyqukpbassdlstthi.jpg,1
bzrsikipeicitszmwmfqytppuajwiu.jpg,0
iiocytanewmdbjhijzbaeukvprozkl.jpg,0
ptpvmwazzkhcsbxhrnflggepsqozbp.jpg,0
nnicvcsnojpjoogiukdyvyyclynvwg.jpg,1
vrsmwcirdmmrwrhqqspnhzexfaqtvd.jpg,0
xjaxtjkekahfcifoqlgllswwfyebug.jpg,0
mdaiwelvdrvnwdvmiscgleenkqplav.jpg,1
zvzkkzsfdqmjtlrhvthrhdtepmqsid.jpg,0
atdwaouazthyftuuesnxnwlhsrpyro.jpg,1
aqkluebfguwjhfdnbtawdmdqodyyeu.jpg,1
jlktvfsmpqlvkrrqdgasnhoakjrjqj.jpg,0
ceozklyaiyxgecshtygxhifbdvrash.jpg,1
pfutfxmybthfstflqplbghxjwekymi.jpg,0
ruumdlbzximznkdvthbbslwtoojgmh.jpg,1
jirnnxrgdbshaungrbvvvekddkeerh.jpg,1
juorxdrpbajlawyahstvwdoddptwlk.jpg,1
mlldevmpqhoamrbrrlvnrktvlgfgwn.jpg,1
orvfmmbzokxrfzzebqwhmdxtabiphp.jpg,1
fohxsjmbxsoevtjrjdlmghiuiqliph.jpg,0
azazbwzigdzxxsvmcizyuqgivdyhzn.jpg,0
lfpqyqobvryudfxxcabcncphmtavle.jpg,1
uceyzrlbtdzbqhiousxplkcrbpmrek.jpg,0
hguumdaaqstpcffrlexqqlngjimmdo.jpg,0
mbfvsfzeavinlickncknujiiijozlp.jpg,0
hmekbeggwejgmeyiyeikmfmpblypqi.jpg,1
uzewooxjwzphkroseskteuzyuzjgrr.jpg,1
yejtjqvmwykfupgbxztgisddkihejv.jpg,1
azadjuyizexjplduvaljrdnrjtanva.jpg,1
cswbdmyixhgdmijgyjubfspitwdchv.jpg,0
xvmgxuezjatrlkheuhyptaqnmjxhma.jpg,1
alerbvrcbgcixyzdlyffzbfkpdgwkd.jpg,1
azfbfdfqkxkktbfwafkalnkguaxfzj.jpg,0
hqfzdsgslobnqxhvrhbuoiowyghdfo.jpg,0
eijlcxndtcvdunbcfsyskzeecytlnt.jpg,0
oacvephlszgjxklimxnctmjegievxx.jpg,0
eoyfnldavjpyxjmxcvgxreuoleerng.jpg,1
ppdpnyylimrgedcfjcqvamcpatqskd.jpg,0
akrlmivoxlpffehvhrxrjgrntipsel.jpg,0
kdpabiczbuqitjbdvxzvxvmdggsmcl.jpg,0
qfcknaduwxoswgzztxvuylwanspozc.jpg,1
vadaiomvxyhfgnhwlkzaoxhjsmtcwd.jpg,1
heagvsqrcarbiqiadaefbecybcehmr.jpg,0
xjrjjqvtylupyblgzghhuebfbhvvjm.jpg,1
eovlaektknghkpghvyrafpoaxjrdnd.jpg,0
ksfdmiebxcibuqxlbtolqttmbednwg.jpg,0
ehbimzgfxadawpajkdviszqeljafwq.jpeg,1
uyewthadxzfbmckhzhsndrchnfnepa.jpg,0
ucroyqowxzlrfrcjxzhobrmwbekttr.jpg,0
urtdruueegyfycvcdknzgyocsghctg.jpg,1
cxcbhkudpsisssjflxuagoxflcoxnk.jpg,1
hgfhebhlukffugwvbwaufynionfkfo.jpg,1
uaeqvxgwlueapnycgaifofwtkvodbc.jpg,0
drqvhgjwrpsddpddweufwsmkgxsljd.jpg,1
rksqzlcxasvmtjrehpakncdrkrjpai.jpg,1
lpzfzoqxdxihmbajczwrurtfpiyxsl.jpg,1
hshqnfrbqdlkgqltoyqkrexkorfjre.jpg,0
nromedqmxozlyxrpnjncndjwzohael.png,1
vbcancybsptbqsobsldvdnkahhxgtb.jpg,0
vgulebonunlzcfdxqukbcwdamverae.jpg,1
ombzwbkxvmpafucqwcuyyyuyysmvsa.jpg,1
ireaconaqcgczoiwfpyledyngsfbjk.jpg,1
bmxsckmkwapkagiozaynnonavjcgen.jpg,0
ambbkpqhgtcwjofhbdceuorvkywjxc.jpg,1
teroetlpnnedamxzpznwalwxrqzxwl.jpg,1
zrkxxmwsdwtkitrchyjjeozjdaqoja.jpg,0
gnyzdykynwgfkopwlswdcsvsicyhmv.jpg,1
cppeuzgqltblfdxsvwwzcrlorytkvf.jpg,1
ukvfunnijeluxotwajuzosecxipniy.jpg,0
fcjuairujezzonrmgfkwygqpglkyls.jpg,1
zjrtntxkczcpztzwvennenqdlvzenm.jpg,0
pxuyttruriygpdgpljulkxpxquleke.jpg,1
avkicuxahzozhlebetkvlzrsnmovcm.jpg,0
evstzeujdndvuhnvkqaztcypobvlbc.jpg,0
zodeyvphbleuyiuloskrsfttkhalfi.jpg,1
wbvyywnkzckcygjoslkxhnvaipouce.jpg,1
jnjhuaftisdikutxavumxjnughgpwh.jpg,1
tmccwfoucxyhvuyxkuvsjfozytxuya.jpg,1
dqkqlwspzvuqandxmjnevnuugebonm.jpg,1
pnaofplnsbnqynjolxyptbtfkccxbz.jpg,0
vphrmwhbsmdanwgzrdxqtpuxoxayek.jpg,0
lxrfdtvdhoqgjapvzxdqqdanzejizf.jpg,1
etekjhnbxmblheabzurggqzrpeiscb.png,1
rfjxrkloxehbveazpxlsfdwsxpxypm.png,1
uqlcokqgloihwpwujmuhrqdpnyuxlm.png,1
vmjoagqsocvlzejinvgytizdxpbhzf.jpg,0
zoewwordiiyoueuztimllkvftkkobh.jpg,0
vatseefspvsqhdhwgnuglbmbrmedde.jpg,0
tkcbwoixofmaolntmfvliienbdofdz.jpg,1
lzeoocbmavdnknwkbcmjiyvvakardk.jpg,1
vbctisfxxpxuklgbyibqefeozpmgiw.jpg,0
cqlnluvdmthsupoqpmeakhwacncjes.jpg,1
qtrbvsnsewhqleokilxynjjmxtqehd.jpg,0
dfdwmbjhcgucbnbsanowgrsgticryg.jpg,1
fwxxyrdpmsjwreikgwnocqleeytefi.jpg,1
jqzvpqasufhixzxrepjifghcfdsiwm.jpg,0
dfiphtbjdqlbfwbrcavjuxniyhmuab.jpg,0
xzvlzjlpczribdyfnqrvfqwyvxpchu.jpg,0
wkpckjtijsxyrygjqwnmrfregbebln.jpeg,1
osswldvlryegsqrzzahtctlfnudgpd.jpg,0
igztlvxnekgvrhzouplmalwgadjooe.jpg,1
ojgsvxzijwccsqajasebdkmbjdvrmv.png,1
fdmqoopxbplrqdgbjsfsnkislltona.jpg,0
vuezdvjdfalmvbeuvmpkzefxyzrdxf.jpg,1
vedhvbabqrnliprakhxyvqsspvosvm.jpg,1
xtluzjxaopcsoqcjfcnxbqafleowfb.jpg,0
imbbprwvxqrjpywuortdkwytpfahhr.jpg,0
buulolwbdhuiyrqgaiteadiljzosjj.jpg,0
uzmtzrefcdahbwqvjntmfpcnvskkuj.jpg,0
onmmqmaclgxvvlojphsiyfiengoxcs.jpg,0
esmvrdjcwstleaviidsugiofmjmemb.jpg,1
zaictnwytvlitwhuwxjvdgiycdiooq.jpg,0
bxeaxkqkamzqcdfaajiybvvxvqkmil.jpg,1
lhqpahksikiammhuktgjzczulprwrj.jpg,0
ogpkmpgergkqvufrdjwicdwwweagph.jpg,1
vdpugobucuokeehjvyplboxzbqveft.jpg,0
ergczyzhllvoskumrkngdpvqjjzfio.jpg,1
yuibmfqdhsawksrekgfnpynmttuirs.jpg,0
rrwtxefjhsdodbzipxvtfsawzglhsm.jpg,1
qsjnxrpaupjhcgikvqlhajcauhissa.jpg,0
hdbpxzzycbxmhtdjzgreegugifjikb.jpg,0
mkdzhgfrqpgkvgmfjdzkgdljgxbuil.jpg,0
cbcxffrtsrkmynokplvgcehktbftyw.jpg,1
rtomcxyndkdmzjbuhjqmcnzhcvexug.png,1
lcglxofvtokphqgjwnzfqaxtjjrjsu.png,1
xldajzjowwjicdobedukgexygviowv.jpg,0
dxvvzecbbpshpfoygmhuotnlrrbtxu.jpg,1
ayoltpbaswdlkawidwfyxuzuepxbdv.png,1
xbrlzpewefprijoujwdmjufgermdwo.jpg,1
hpkpizxbhygjxpkggxunjnhzfquigs.jpg,0
epnrpsjgdleufervdcbkrtgfnnbfzy.jpg,0
nkiosdfcgfxtfqgadwofgyxiyyflfq.jpg,1
kepfpmdawxispabidfriatsqorfdyq.jpg,0
zzpcszmvsjybewpvgdrrxuqghfgpef.jpg,1
ngdmtgmqyahlqjtjdrscolyhwxijsw.jpg,1
xlhcdybuwdqyzrnlqrkhtmspqxdbqm.jpg,1
hxdjcucrbkceqsqysitigyegxidzik.jpg,0
ngmqcjlkqzshcvlcnnldgplqvmipee.jpg,0
jkwbefhuwqejrxzsnszavfhqdnovgh.jpg,1
nrkdbtxydiryrdlzhciurshtgvekec.jpg,1
wwsgrddjsqazdybqxotetodwmhfwro.jpg,1
qxvqhymxgjzdnihalmsdigxyjtmyuj.jpg,1
pthaqvmsrkjsivzkvrfmzffxjrhtlh.jpg,1
pmaphkxlnotdbgdqpdnptnvyzkwnhz.png,1
xbzxgaxbzcfchvjoiqyrrdeofhnpiu.jpg,1
wygsvhwwvpsasnjiablgfraleeqxos.jpg,0
jkfqejidsxcwhluardggqfzwxldbah.jpg,0
qhvfxydwpweokfxfiwobhwzdomidid.jpg,1
fmfvfghsinkonxccjgusnozgemghyj.jpg,1
tnrflqyhayqftedyjuqnrxumrutztq.jpg,1
udfpsenomwrxrlupdgqmjuzbhfpapx.jpg,0
qcfxyjxbpeohycruppgrwrbmmgqhap.jpg,0
rpnarsepjmduabxaoglqtnlmnjurzm.jpg,1
sgdlskiyhvebaudsqlfszyslohqolp.jpg,0
qrrpnpukkwxkxnzbeondvlqqvljjit.jpg,0
kotqjibebsulvxwywnzpesxzmxnkmv.jpg,0
crlejkufdsvxrvgsitttbafwokmbiy.jpg,1
vcyfvxrsvaluiinwhimituunqqfvwb.jpg,0
heuuxfbctezhtpqdxzpzrgpkwjecro.jpg,1
mxpvljalhmabtlrogfacucyagvrpzc.jpg,0
ekhsqeikglgbtweorgldsicfxtomck.jpg,0
vizmjwxuqolzgehmjciyaxwqcpqbbu.jpg,0
bmfuiqctvegtolqbbmcfomduklrgyb.jpg,0
lewypbpoazikkpcihngwjntvyxopoc.jpg,0
hjnduugmtqaplhzparygqzacienndc.jpg,0
heuqhpcwahmjeeipvgluvesvgasxku.jpg,1
mxgczbrygsbtzvgotlkdhesmzbmhdc.jpg,0
dzjseqqhiwqnxopkdrxmkgxhqipjbl.jpg,1
vzwnrtcythmbzyhohywmkcfqjtbnxo.jpg,1
vhjiqpyrnbukoyftymlxgjyfnmwuen.jpg,0
qoboicanpqoqgtdtpbpujjucxqfuqt.jpg,0
rjbpcffujgzejzrdkuplntvxkskubv.jpg,1
zzkykwuddhweeowmgfkmfzrbeoqylp.jpg,1
zbnvyactzihdmdquebdhgtufczfsep.jpg,1
unpnnyrjadgobhkpzildjcepqywcnk.jpg,1
trznnzsgehbbgjcerujbkvensmguzf.jpg,1
larixiqhxghvearjzgboqrrhzwevxq.jpg,0
nelgcozrisbayqeopmnkjvutjwylwn.jpg,1
mzgyorbrsdhjrrrfbrfigomygexgth.jpg,0
jvahlwpbuqajffrwbcmdvjjthkjfrl.jpg,1
zppvqmcinubivgfyydmsmshmjrebnc.jpg,0
tdwhrpiruczqauiafkjqakqtmsazwv.jpg,0
ajchmdwktqtwitqgneeafxhidxamkg.jpg,1
zrvlkvltdwxhiglpuocpaqgiqnltzb.jpg,0
dmnoheipgfrpddjrompmbbeamnkdhu.jpg,0
gdaerivtdrevgzykzxkygfdxnonpvc.jpg,0
mtymkefmtnccepilrybitbnvuuhfwk.jpg,0
nhhffgrvqnsprkqlqnotosheujntzs.jpg,0
vluvivomlrbucplxubnnjjnqrotobb.jpg,0
dgvpyfcaevlthqplomgwuhnoajuwye.jpg,0
zkbkralkxupzdqkcprtjiopmabgdox.jpg,0
mbvxzwqbhfoihcdlhcdemyvppbhxda.jpg,1
umxpjanzgwhpnxfvapzdjtqqigcqks.jpg,1
gpdzmbpraahoopwhejmqwivkflodni.jpg,1
vykszwgmkjokbdgsoaatoomromgrrc.jpg,0
avwvzassocxwtlojdywtsfadlhikll.jpg,0
pmyubfgfrollnvldxlsfuyiktyuctc.jpg,0
caaanbfdannyhhjhixwpagygktuagk.jpg,0
vgicuoplaveehiznckgikoadfjkjlx.jpg,0
xxtbbtxrmahmoenymorwiwzqexskaz.jpg,0
jazuypnasxhgsmorvnhuvvgljuujky.jpeg,0
nvuocdjbjrwocarelmqlggthhwhfyu.jpg,1
evagshnpvvgtrfpffihyasqsrdiwpk.jpg,1
zplysqonghuqjkeuchlpgrtvxoguer.jpg,1
rpvmnudowajssmsrbvtrddxdqbndlq.jpg,1
lrcgezouwidghhjybyzbqtzhmfdntp.png,1
quszuahhdnqqnyzjpuynqrrgwhtxag.jpg,0
psifvwrylgembyiazjkjhvequaxpqn.jpg,0
hjwetiuvurvgbrjltkrqnxxpqvqjxi.jpg,1
aqolwcmqkjwnyntqjxlwelqggfdxcy.jpg,0
gkfzppfnyudvlfjjltjihfdeqxmbyf.jpg,1
nyslltsenmncdrwigjetpkalwygdgz.jpg,1
dsjbrulubqhgnczbjaxjgpajpwdclj.jpg,0
gbkwnxvtghembeknvbhaynwxnxlhjh.jpg,0
bakyihlfeuqedfiasisbhaltyyhhzp.jpg,1
lehjkmhecjnczgcqlmukifrditsuhl.jpg,1
imywhylxbwhithtbgaqspdvumnqwxr.jpg,1
hhrnkmszodxwjwikxbsmcnbwrddvgd.jpg,0
vkjjfilcpywjfvlodndfeovjgvnmxt.jpg,1
lfyovujiqapybinajxayjznpcehjts.jpg,0
bszfernptnnwfktzdwxzpymffrfvtd.jpg,1
ggdhjmbpjmsypnhoygnjazxmmiajoi.jpg,0
rvgcevyaokrqpeqrjizdmcqgffkwqb.jpg,0
djzcaenuiuyjxjskpdwvsfoyffajpk.jpg,0
prlpybipvnotlvwcapikjbcfyudycu.jpg,0
repsmzcabcfwcpxwgrpsbhbqfeeegf.jpg,1
lcqwzgqhokntxayegewyimaoivtoqm.jpg,1
gfnnwwospjgyqghrcbknsqjogxmiiv.jpg,1
pqeivzspfovrzggycpqdwpgbqdhaty.png,1
arklkremdlmwntimzthwdoyulrfwny.jpg,0
dyptlmycbpowmtzaralzdgnxgozdlo.jpg,1
ybzmqqlodkrvbcsghkjcxwdruopemb.jpg,0
hohsxxdwzmeqmcrpvnzmuooozbtvia.jpg,0
sqaxzjmpycobmrweovtrzdtgmtmzni.jpg,1
hsozemoydvjgwrrcjwczacsvvziofs.jpg,0
dkmgufimutebgluihdujtpdyrpwsto.jpg,0
jsunzhhoizlpdbzikcezigalacrvrz.jpg,1
yofhmxuuokoslofrnscuunmtvvjclz.png,1
cruutpydetlyxxnzfjkedebmqxawxh.jpg,0
rftqcdlvfxatxhauwjymyodlmwqhfg.jpg,1
qzzmkojhpgzvkvqkaojqmuxyvmblpv.jpg,1
zzvhkvgfjudiormxthpoglrmgvphgz.jpg,0
ovodrkrurbwedmjzbetggroiixdohe.jpg,1
ylxeiydkcifgvqtjxslawmjtydssls.jpg,0
ztkarwcdrtkcugmxfsrrqhrnvtfdwl.jpg,0
pruszffxzorshwrtgdlwuatljbpbsc.jpg,1
bypdthgrbdszfzyxdhptlbgmxbueyj.jpg,0
kuvzssnqboopvvacenjfgzglajsfsk.jpg,0
lbygnlteqjorvaydrxitimxooycnsg.png,1
esnluvhtqidrmszlwleweibivslvrr.jpg,1
astkaukqxmqjuyncgvwfzbydgbtlvg.jpg,0
jwghapwjcmxmqiohoeavwpazwuvsqr.jpg,1
acbcufgusmnchzbuiuxluaizkqvobc.jpg,0
vtdmprftpswnzxwrgrucszdhsnehla.jpg,0
vlaprkozrjwhwcdcbzzvlzleiagwlr.png,1
zpfqpwuxxlpsshtufxtixxtivzbpfw.jpg,1
qfeygtqkgfdtbmunzdmaralauijizb.jpg,1
hzbycyfzfvrybvbpvohglfbqmirtva.png,1
udrihxpesafdlhzdgdxyrkjwxluirs.jpg,1
ysbjqxmnejtmiwzlgqgtlnryleidye.jpg,0
nsyuicacwfiabdxiadkdzregwcpaas.jpg,1
cvkfdxcopqlrsadqmweypjtbmdsxab.jpg,0
hijxddncbcjlrtfnhxiiknslsottkh.jpg,0
ghrmrfrolhxyxvjxptjaiaixlbholy.jpg,0
zkwxmjokrrqcphllpzccmpnxxxxwgl.jpg,1
uckabtcfikfnyigvguvdsxjphbqixe.jpg,0
zdjeqwahvijdfbomkmwasawuxbvlar.jpg,0
svcdnpquqnpyvoclkewomjomiddkoh.jpg,0
cgwdqwlcoccoxkgsojluuxxruomhfb.jpg,0
muwaaudqjaipzexlmpbzindolmsaqx.png,1
tgyqgaxokskjyrfzzhmwjhzjarggwn.jpg,1
vatrstfzimhxetywhntyjsmxqaiurw.jpg,0
plyrslrsvfagfuxmbxwywfacilbeox.jpg,1
pwhssnwqwkabxzuxxozfapxsllqvva.jpg,0
ozfxfueqfdwzhryxxflxjdvqmkhwqd.jpg,0
tgssmpuowujszxqpjvxgwyymzbkikx.jpg,0
ajfldfzndyfdodmknemntrnnbmyjry.jpg,1
fqoupwfhdrmccemzqoftmcsfqxmizt.jpg,1
blbabryszqrxysxftlqxqbpxowwxuc.jpg,0
mfilemgdhvflelidqsradfkrvtqcmy.jpg,0
pocrhzjbbeihsclqyybhdtrtbgfnyz.jpg,1
qmltykiislwklsklnzhcsrfsqwmaun.jpg,0
jiglwqsexufypxdppnxrxpfknsdkio.jpg,1
ncscpnthlkbkbrybjbklqlzkzstkid.jpg,1
ehaiqgjrscawsjlalremwzcxmatnfk.png,1
xvuqpghikwtbkqktzotnqwmynfveii.jpg,0
xednjuokdbmwqlxkkznahrkaikyjgr.jpg,1
sfntoccgyjyiyyuoodraaqrwetenzx.png,1
aldgvqgvvubfsrpqadningpwdwwjji.jpg,1
iegowhssjdoeqzatoxziigkwceyxzo.jpg,1
kierltglisujqwjvbyljhpnhoclufb.jpg,1
uxykipqshvpliunxlldynrpskpdzeu.png,1
owuysehbrtkkrcgjaocjtjbqeidthp.jpg,0
cqdjlrayzabbezezeorfytdclhhsao.jpg,0
ynqfdwpfaglatxhmsyhudkaobtjknj.jpg,0
alcepsjrautrknnxxdnkraldhveert.jpg,0
jqrajcokrrzcsedfkrkhzwwpdkamyq.jpg,1
pgcwnxabgnfyipgijoqipuobxoscct.jpg,1
susniwghkxvtakeqtoqgzqcrtbvayv.jpg,1
ifxzqtqiynrhkoaqlpnuoosxksqxwz.jpg,0
dmxiuglmblflcszviponrmqjtgvanx.jpg,0
xnyzpubqutaneagsdiptpeyzjyjixh.jpg,0
fjmhjzkfxneibvblroehhjvukxmbct.jpg,1
ahpuycvwilxiipkimwzumzvwtiegom.jpg,1
ptuyanryjcvdnfwkuyyjzkriehsfnb.jpg,1
xrcnqqhbejambuvlwhikeznttypztu.jpg,1
tvuhdlhawdfyoolgnlvjblmhlvhnod.jpg,0
upiguxxebyjkvclwydlyglewwlxods.jpg,0
pbrychhemdwfepmzxrpsrvqjwvjvec.jpg,0
onyrjzzpcsvgfpgwminehgzddodtog.jpg,1
tclvydvddkbjllhuwxdvffpmcjxuif.jpg,1
mfwyldpbvertahbsahupvdzqeligit.jpg,0
ljqwmijdoabltacwjmxpmfzqgrntni.jpg,1
yxgrmdjqmsjmigzdpavsyuvkdxifrs.jpg,1
ljfoynumcuizbsbazmtcztwvqsiqks.jpg,0
ozcpkmxublcrwkckedavpppxsflbyu.jpg,1
uxtsspzgfglzhdkpupxyjeqwjhkqua.jpg,0
rxkqkebkavbowtipumptjapqxilced.jpg,1
pkqkhnmfzhfkuhqlmgsymsmkzdbojd.jpg,1
hfapbkmzaukgteyznxzekvlnopjtpl.jpg,1
pnjdzhbefitbhvmgitpnwriicqecha.jpg,0
wpicbsvbzhzohbcyqwnjmgsyogazme.jpg,1
iijseyudfkzffnbewegaliecspsoje.jpg,0
cretuknwxxgomuvfyqxmufphbiomzm.jpg,0
moaxnhyidgejhztzrwsgqdzdrrdpbn.jpg,0
xjrypbpbkifvjwlfvzcrelfgjdntzi.jpg,0
wqaiekszkxpmevwfsnulgqntawluld.jpg,0
idbmqgfkfblfxyoapbogjfzoihsawu.jpg,1
lajbnufbsilkdlkzsrkjgvfhyielzq.jpg,0
kifdcntkkexmcwemlwqludsfizurxi.jpg,1
eodhtjbqngqohblzkawmgcdrejkxvm.jpg,1
giigxikznzogtrwiqdlrgcdrhbndrp.jpg,1
ahxmuirkfmvybugologcdxlconsfbs.jpg,1
jlbgcutjfnyqsascrbcoofkcbhplxt.jpg,1
ippggmhmertgtplyncbzjrpdwyzlux.jpg,1
czbfqnlbawoxoekelhsqqeelermwqs.jpg,1
vhgnqgtnkxleioqiuggdjktyawralu.jpg,1
nfkiwtpchkbcfpcpryxdbfpnyodajh.jpg,1
onfmgfqokbicypriidugbfhcxvdebb.jpg,0
hfugennzaspblyszakjfezvwzgfnfp.jpg,0
fiqdcxovnvzymlxzrdahilaehlvwxt.jpg,0
rcrvbtptdmplhabjxrbrmxofgwcfck.jpg,0
bbnnirhwbpqrtjcxkdicxahpqepggl.jpg,1
buqtwduolgzpbaaonfaoljoxoijpqr.jpg,1
tgbhofyexzbzarosgoeeexspfurunn.png,1
jalxzrotsgpawelahudtocqcacffqg.jpg,1
iopyxvgfsnjpnezquqowpedwmesabx.jpg,0
ajrloqosdahosahdgskiunbbgmzbnx.jpg,0
ejlgvrdessutninowqefntjvkjifpe.jpg,1
ecuptzpfygltduxkcfcdmuwgwgabpp.jpg,0
dlwfjuarrbdhmyqmvivmigwogbrvve.jpg,1
mzlbcxmlhimlebosrmupyfdenxqpvv.jpg,1
pkkcdqjewuwjmsgqukergsfsuazkfk.jpg,0
wugjycuvvnvdomsjvtpvotqsvhpeyp.jpg,1
ttuqxjhrmdqhppfxrbzgyciipwdxcf.jpg,1
raajqptsfsvqiwornvrvxijlkxrfia.jpg,0
nwtiibvwuhuhpxzitxjjdagnkfizlc.jpg,1
zoazisfzdglshxfajmhqgkuwjaprqr.jpg,0
wcztjsgjilvgcqrtjrmfcuccakrdpx.jpg,1
virwglzecaaogidwkiqeimdcsuyngq.jpg,1
hgbhvmgchsixnirburjixmorloqwja.jpg,0
xdovauzcyozonedjdnhyifihxzpzac.jpg,0
vqzhowagxtpegozkgtrhfiwdhwvjkn.jpg,0
kppkvjvggvydwzeljpfqoeskemxvnp.jpg,0
uvkgypcpwhxzecewisceyqvgqrlyry.jpg,0
ladmuplnxsmwnfkzjgcwxxiiwouduk.jpg,0
lkzeblenqbovljxpucpsufmprjxxqn.jpg,1
gviiddyxzzxeahhufylmqigymemiar.jpg,0
tjbvltdkyvpuhunuqriwulmgznviiq.jpg,0
ggyhyjsskaumafaleouvuyscinpfyl.jpg,1
csuuwclepbakojtvhlplvxenlnqeob.jpg,0
yyryzthcpgyiuurzmfwpgisjfmhvos.jpg,1
inrujatboubxctgxktbcqnuiemwrgm.jpg,0
ahntiidispqylcvpooobbrdsimenol.jpg,1
dvrxczrzjwjgyqgfgegvhwnbhathms.jpg,0
uqemxrpkidnoqugrinhsjfvxsftqeu.jpg,1
yjhwtbrynmfyjvpnrixsjkhzwmuftc.jpg,0
gqvlpcoulkstqqwwosnyykhlvxbwtg.jpg,1
ghmijyiesngyvgpegpucabzamjblhg.jpg,1
fxvcfrxiuugxcrdvdbfnchmqnjohot.jpg,1
tsywmjkganubokfzqluqvfvhjcnsbm.jpg,0
hhzjziuzpzjalbviclpbecvjqrclee.jpg,0
soymqxhbdybqmzvycolsgvkovdejvd.jpeg,0
lnrqzpgatuqropuueaczkgaypzrlgr.jpg,1
ngkiehguuxbazfouhoackfiuznglay.jpg,1
zlkljhorpizivmudyemiiewjfctlnz.jpg,1
fcfxeivmcnzvbzjujnqfnyjripbhtc.jpg,1
xhruirxirjxtuugrhhhumfbfslhhwy.jpg,1
jgzycszpnsyqhgdbcqbqeljhleryjv.jpg,1
qpuwejyllmynnmgmiyniudatsuqyaf.jpg,0
vahmqzlbicjxilddkjgaefqmiugadu.jpg,1
knmagzinulmxsmpcbbjycblddpqzqp.jpg,0
uskyagfjmtbmenfhohuyztpaacvdom.jpg,1
trxvghnkpgqbreqgwhemptmpxvntso.jpg,1
xrljzwedeqovuytckfwmmsbpwntwul.jpg,0
lpjooozrbgoutstfqjmjjnmbfdhyxq.jpg,1
tudduzwurtulrsbunhukztfhckewls.jpg,1
lghflwzshvqnxymbaevpspfvpggsji.jpg,0
kflxueojaerzuurnanzwjqconxmgvy.jpg,0
soyhkxrqtufukyftfoiswmawjykygq.jpg,1
qgydqdleqgzihizyafjulywlmqrkim.jpg,0
ksbcapahwolfkcimlkyevqxcnexics.jpg,1
paznidqwjluzvcfwqwtbicfntnhoeq.jpg,0
uhwkqxrhlnkpwowtxbesjfwzazhxxr.jpg,1
xqrgtnwepjqcylazohkvbinrtudlns.jpg,0
kyejdarnvtaediutwflhgfdadtwotu.jpg,0
ybxkrinbuygrihovnjukchychbqpgx.jpg,1
mlmokfqnunuozvcadhcaijoxpwmgad.jpg,0
ymeikcmamddmjabgygvrqpqiazgeaw.jpg,1
ugqjoblxdhmbfgdlbgmpzorpuzhpaq.jpg,0
kvmbftolilmezbrtktattngwlqxond.jpg,1
dxulyaoosgkinkmpmnjukqyqzwvgtn.jpg,0
qnksbtbkdfclllfcbvowgrmqqdxlwl.jpg,0
wsopsnkhekldjpjicfjdtgobrololv.jpg,1
aciificrosunmvbdqgkbtchpzawkkq.jpg,0
getiewdijstnrhqdfbogfcwalvcmen.jpg,0
bdfsxxapztrhbmnjjxxrxpnhnuwzxk.jpg,0
amzoxvltkojolnikxzssjykerbvsch.png,1
jfvibkctangesudfaldrvxfetrlqfj.jpg,0
zdjatrddbybgtgzijtkiapbtpilvyi.png,1
uwqxqtbugdixakfddfeofoycdynlzb.jpg,0
ypsaowlspxltklyqbbvfqwohecbotw.jpg,1
hdwjqqdkarrqltwnslvzarpzmbnvji.jpg,1
qquptmatjkzxuwkiigrxxmmqgrkodv.jpg,0
lvpociypogdmfiqxdsookchsiplbpz.jpg,0
vgpyzlbqwlqaadfqbwjzlhejmtipwj.jpg,0
xmsiyprvibhtotywnzzvgtkpsjxrrd.jpg,1
azkbnpwcbpgczhrrxakogdmhqlbzzd.jpg,1
zypzolrfxrwpsnredtykrepzarfyic.jpg,0
crpqcbskzewheohrtccujmzcpbibmo.jpg,0
pvpwikrdhgtpmhbzqmlrjqzaygeayn.jpg,0
cardhcxwgvssmxwbbusexerokdxwzc.png,1
xqjultlkywteeyuuxvtcfmrwqatbkd.jpg,0
vbyadivqvhndajgtrtwznqindzqgju.jpg,0
ihwakqdabfdfnixzvcmnqcjtpaevcl.jpg,0
mgiqmswpfmmadfzcpgeinzqkswkdvh.jpg,0
mpqmbhaysqzjmfibhwygwngzfopnfu.jpg,1
uynxxfgvcjlgzdgqnllpudghxemaut.png,1
pmdborhabcjrdbdkhwiiezkmkzwnvz.jpg,0
kmychspsemyvuwmmrpzatjqixkaylj.jpg,0
jwliddyaqutvydqftfxgxzdmpyokii.jpg,0
cqpkwmcvjustitisurvvxhguqkqlcm.jpg,0
onckvuntvxaqrotcibtmkgyhkmlfui.jpg,1
vwogefxkinklwwskvbccplrerwduyb.jpg,1
afmzqimbtnqmlobrcdmwrejtjqlcxf.png,1
kkkjkaheyowlmcjdtsnewomlijcerh.jpg,1
ziuzufbanyqlkteylhzypvvgmkcans.jpg,1
nneqklgzypswfswxvxajouvovutrkw.png,1
stsewrjwgukveafjkbzjljawezvuck.jpg,1
nfabxlejvjjptbithckvmwxiyxrrhr.jpg,1
eiourdtjqltuzxrcniohobbxkfvmup.jpg,1
dtrlwzntgfeyuzgelpgqzalycwterw.jpg,1
gmfqxdujxlpwhdyhbpnczckmpdybfi.jpg,0
yjrjgpdvfiheceeufyqnavkttlseyn.jpg,1
xzmwloigjqhtpogryhhaercbsbayqn.jpg,1
xthwtlmcujmnkrqpwocxlyqmocpeaj.jpg,1
iglbldmphntooxnjvfualqrmztimhj.jpg,1
yhwfqbloqnamhnayqbcbrqhpghliat.jpg,1
ywsfuixhgjggbnivmbycttvricdmgz.jpg,0
ibniuopkurdvevhnmseizirfivlkxr.jpg,0
gdcoqmmdamygotimbpptsrdkfgncxr.jpg,0
kldmnfyleuehvuhrzcvzobrtkkzues.jpg,1
qpylgrncyrmbzakbzfeiacilcnlycu.jpg,0
gtzurjavpwvdfgkayjdynxafofdyia.jpg,1
qhhbjztpiuxraspbwbypjjawhfafoi.jpg,0
wagdixiqflnlkuokezsvstjglnnewh.jpg,1
htcjckxbidoioufvtnbnhksovbxbuy.jpg,0
shjmagcpzcbzjvybzvgwatukbbaxpz.jpg,0
prabntxtvxhcprddkcjphkukjnhkqk.jpg,1
vclmsjxnzxnycmysozzvofxmelueoy.jpg,0
avonwanlpmjublxobnbelmbqlhyhfs.jpg,1
wavcvmhtdtizmnguneqdgxmbtuqkxw.jpg,0
tsdnumyxjxdtpmjzgsbuhaoibrbgur.jpg,0
heqiaofffcburzidjsvkjwlbkddobm.jpg,1
fixdgxhzcchvubfhadkvdfvefiohmc.jpg,0
wrgixgvogbvrvrvslnkuweluxuqlwq.jpg,1
ogzhvivlbwtjpilkrvnolqkndpwtod.jpg,0
cfyvfdnelarfyxmouktgsoooweofva.jpg,0
nafxvtltrsnzawzesvlhrhogoyhhhy.jpg,1
xplnsocurfzjaqwmklwdrqhrfkkagk.jpg,0
asxjlptqlncdhuwnrmitrnfibrwvnq.jpg,0
kxfznbfvtkjmbxyfbqdsscmufgwero.jpg,0
bzplufpvmvfbbmbpqrozifdlelvjcf.jpg,0
kviztjbqgksyakfnhtqrndymtxunwz.jpg,1
gkxebviifcnfepepkzewerqlksciqa.jpg,0
pgmrvereabkbbzludfomyvwnmegral.jpg,0
cuyrcyiknlfplflhwhntqniyetqrdd.jpg,1
vicsvtopykjpjxindgzidwuvncbygv.jpg,1
vijkbvsrsmeurpxvwagjotamxlbrgk.jpg,1
bmipwwyounohgccldmwellfetufruq.jpg,1
wxgzvierevhtojakpqfsrlfhaqjdbf.jpg,1
coovnsfdkljilkmozibvtrrocukecq.jpg,1
zxbxybrknsjnwvnzdoyvduxocvmhcy.jpg,0
bumysvveeazrijrxjggemuksmzrnxo.jpg,1
lxzynbetcyiklhdyzzmccnphmutysh.jpg,1
eaxmwpspgnifqyfwbzbocbzhnvgyzo.jpg,0
acrbwwcknudlvwfjvfbreeatynhfov.jpg,0
ofpvlsvfmxdlakaztvzwwdegjvdofc.jpg,1
tjpvlyiyhycyouaxgnvyimsvolrequ.jpg,1
lnfpehvsapfzlwgnlvtfhsgivvuena.jpg,0
khtbxzclczktnqchxmxfvegnyikmqi.jpg,0
xfjcfajxezguwihtaskxrekkfuhmzv.jpg,1
pmsrgfqsvkwejgxorxgepvewttdxkr.jpg,0
oxwdopunokwctggrbwuloaqxynuqkl.jpg,0
jksxjzngyhlhjwmohzjijnqwvgpvtx.png,1
bbjxnuqmvboqpfkaphzvtzsocoyxri.jpg,1
npflwmbacyzuopbqgqpxeaghyajzer.jpg,1
eeqwbaulsufnzyosiyusetoxjpnkvn.jpg,0
qwcvcqgdcauspyspzvmkremawkbxrl.jpg,0
ljqzxpjalisyoqanegsoibspydzays.jpg,0
jmqwkyiohzkarrxwjmirgzppjotjxa.jpg,0
cjudleddqmenoqztjyfirsrzlctcgn.png,1
fdvsetdagdudjtstnbcxbcbqkvfygm.jpg,1
anucwhkyyhlkxnlbkmuqnxqmxsbhta.png,1
rcpyoocumwfiezbebdyxrkapachagw.jpg,1
qcintklpahsyflzcrevzlsmptelpaw.jpg,1
rqzcwasesgqerafyzxxidrmpzvdynk.jpg,0
lspfjglbboetoxthhqeevxsyvdoryz.jpg,1
zbjsdulisnypinpppprwsqhdiyvvom.jpg,0
cjwpnfekhljhtuetdninpdgeqdewqi.jpg,1
wqbxzcyqmqwpmwrzufwehothqavhtx.jpg,0
qawjsxxbmzgsmedxrvzhvahwrcyglb.jpg,1
iucvpgkqcgqthrcuwpdbakseqdebkg.jpg,0
mxsarhinfukeiggfwdtntwxuwxkjsv.png,1
aubccvelyliywpqzgdpwypbivlksph.jpg,0
nbsqacezbxfjxusnfjxrukaesvsaew.jpg,0
kilmfvixgbyinjaarumtpryqvqvluw.jpg,0
jdluhmkgwrndcbpakuejejgozwnhrk.jpg,1
ephswqkcpeioizkuebvyoryzafttzl.jpg,0
udkthuomyvqkftcqdheuesblkejojp.jpg,0
hiwgxsnpmjqzbprcwidavwhtgpaldv.jpg,1
xbfsgrgojkffhirxtovumcugujpjvx.JPG,1
asdkvskkjtxzuedzaecwnqblbcorxa.jpg,0
bzrmghogcsqxrnyseupryqumtlklqf.jpg,0
akyftmgsubfqvneoxaoclhwwvtfbjs.jpg,0
xxudpdlmzoqwbggnklivwrephxqgue.jpg,1
pigxwyovpnuqyjahjpvyorgxhbighr.jpeg,0
ziagkgwltrjkrjvbbpnzctjefiiskg.jpg,0
hhvcwwflndvijdhxmkfuyjnclnbbzr.jpg,1
fviuatnyidoogxihohcslvxjsvqbrr.jpg,0
hqkiscewcaqppiyjjuksivjwliehhb.jpg,0
ckofltoqmzivjbakehrnhycvqblhqt.jpg,0
uzolgnfpdfgmgrdcbpoqlpqcrqpwkf.jpg,1
zbbcssleemhzlzcmgjwyufhugdrwko.jpg,1
ymzylicduucrjolqeskcegusxlvyoe.jpg,0
vmsoqgjprcjtnfjoatgxdpjooxunty.jpg,0
sdjvggdwhfxqtxjgkcxxdquukvvsxa.jpg,0
libzmjtyslyixbupphdsmjnidmnuhu.jpg,1
qifbuefbcygcvnkykacoouejurpzxh.jpg,1
fzzerkfxkskldmdivgqwytijtcgncv.jpg,0
fwuxbadfizrgicahpdyzrdtcessmju.jpg,0
sgkacszfbqctjvnpsuzgqqvpoytpyg.jpg,1
ivhlscxcvysnkxhyhmadxjlsdksoxq.jpg,1
iavowbmvkaaadzalntnrfyuwjclcyq.jpg,1
bnefzpazanzhkwwqmkqfrwejnfrylo.jpg,1
qgdigudffnrtrqvwvdaumurochpnhg.png,1
msiigywzihqnqtrdcsdkdzpgeyylyl.jpg,0
iqpzuodtnmpojwmknnqzqojsrmpvfi.jpg,0
ymxaxlvgfgpohgbxezmtidtmoukirx.jpg,1
ufcmpdppruoridsesqcdoodwkybdtr.jpg,0
xynjzgadtivwpzihfeputzfhesxyjv.jpg,0
jaiwdfbuaeqthiprtardkqpeujhzfg.png,1
ccirxsmowrnvtbuuwfxzbilufxhmxg.png,1
jgpxinvsgafzqzgqcanyiorxkrxohm.jpg,0
bfzywqezzscawfjsygusklocmwifue.jpg,1
ntmeirfkhiktgyzyegesnlqrsgmbsf.jpg,0
kudirqrbnyrkjtlbrtlvqerreevrgp.jpg,1
lbiqrmksaxzxrzlebhqldmcptalxtd.jpg,1
ysrcoczwayzltiuzsuujcczvnqancc.jpg,0
cxxmnqdjxblkxkojspbzdgeoybkyxu.jpg,1
bepkxvwpehwdzhpqsminxiiusoitjo.jpg,1
pjkrbkhrpyvmcyzafzpeddwewhdqsn.jpg,0
sewpbsyvoslfvuefcbhbaamxdaknht.jpg,0
kdrbotkekmhedwikwlnwcrunggyzmx.jpg,1
llzvwiafucclynnqdfdelujavtdbku.jpg,1
uippqurtssjhoshshyeiccweauxnsm.jpg,0
ngtxibxbbumuamptuptfiufsdbqtpt.jpg,1
rwmfodrxakkcyyulinfjpgaroaewbg.jpg,1
kpcznzbgvgwliaqhkcrwsusssykqvs.jpg,1
dunxkrdrwflfehxmvrbyewkyxecctu.jpg,1
zztsdlnwthvfwwtwwuqskyssodjcib.jpg,1
dugilrfchbpvfsbojwitoywjprqqnp.jpg,1
udwpugycasnjnievqfcquptzxoonuy.jpg,0
hxjwafskxmlfaotwaklzuwuccsbxfu.jpg,0
oyodauphffgmzmvqlykcfvmyxartok.jpg,1
uppvtemhkneqggtbfubeccqjvyefiw.png,1
mzjjvzkzvqmyukzsegtoktaslejcdz.jpg,0
dbjdjyhnbvblwhhnfzaahzhdezbbib.jpg,0
